{"cameraMode":{"drawMode":0,"name":"Shaded","section":"Shading Mode"},"sceneLighting":false,"audioPlay":false,"sceneViewState":{"showFog":true,"showMaterialUpdate":false,"showSkybox":true,"showFlares":true,"showImageEffects":true,"showParticleSystems":true},"in2DMode":false,"pivot":{"x":1.7393183708190919,"y":1.4316143989562989,"z":-0.759895920753479},"rotation":{"x":-0.06014807149767876,"y":0.6543697118759155,"z":-0.05233042314648628,"w":-0.7519843578338623},"size":3.0475854873657228,"orthographic":false}