{"cameraMode":{"drawMode":0,"name":"Shaded","section":"Shading Mode"},"sceneLighting":false,"audioPlay":false,"sceneViewState":{"showFog":true,"showMaterialUpdate":false,"showSkybox":false,"showFlares":true,"showImageEffects":true,"showParticleSystems":true},"in2DMode":false,"pivot":{"x":-0.051659584045410159,"y":0.792852520942688,"z":-1.5943725109100342},"rotation":{"x":-0.060629703104496,"y":0.7725932598114014,"z":-0.07463893294334412,"w":-0.627581000328064},"size":7.2301483154296879,"orthographic":false}