{"cameraMode":{"drawMode":0,"name":"Shaded","section":"Shading Mode"},"sceneLighting":false,"audioPlay":false,"sceneViewState":{"showFog":true,"showMaterialUpdate":false,"showSkybox":false,"showFlares":true,"showImageEffects":true,"showParticleSystems":true},"in2DMode":false,"pivot":{"x":-7.101899147033691,"y":3.7320539951324465,"z":3.1048574447631838},"rotation":{"x":-0.05989103019237518,"y":0.6732369661331177,"z":-0.054861512035131457,"w":-0.7349567413330078},"size":4.115950584411621,"orthographic":false}